INSERT INTO public.school_class(id, letter, "number") VALUES (1,'a', 10);
INSERT INTO public.school_class(id, letter, "number") VALUES (2,'b', 11);
INSERT INTO public.school_class(id, letter, "number") VALUES (3,'c', 12);
INSERT INTO public.school_class(id, letter, "number") VALUES (4,'в', 13);
INSERT INTO public.student(id, first_name, last_name, school_class_id) VALUES (5, 'Dima', 'Sharovskiy', 1);
INSERT INTO public.student(id, first_name, last_name, school_class_id) VALUES (6, 'Anna', 'Parkhomenko', 1);
INSERT INTO public.student(id, first_name, last_name, school_class_id) VALUES (7, 'Anton', 'Solyanik', 2);
INSERT INTO public.student(id, first_name, last_name, school_class_id) VALUES (8, 'Olya', 'Hnashuk', 2);
INSERT INTO public.student(id, first_name, last_name, school_class_id) VALUES (9, 'Elona', 'Kanarska', 3);
INSERT INTO public.student(id, first_name, last_name, school_class_id) VALUES (10, 'Oleg', 'Gnashuk', 3);
INSERT INTO public.student(id, first_name, last_name, school_class_id) VALUES (11, 'Dashka', 'Kakashka', 4);
INSERT INTO public.student(id, first_name, last_name, school_class_id) VALUES (12, 'Ren', 'Vsempuzdec', 4);
INSERT INTO public.subject(id, title) VALUES (13, 'maths');
INSERT INTO public.subject(id, title) VALUES (14, 'language');
INSERT INTO public.subject(id, title) VALUES (15, 'reading');
INSERT INTO public.subject(id, title) VALUES (16, 'test');
INSERT INTO public.grade(id, date_time, value, student_id, subject_id) VALUES (17, now(), 12, 5, 13);
INSERT INTO public.grade(id, date_time, value, student_id, subject_id) VALUES (18, now(), 11, 5, 14);
INSERT INTO public.grade(id, date_time, value, student_id, subject_id) VALUES (19, now(), 10, 5, 15);
INSERT INTO public.grade(id, date_time, value, student_id, subject_id) VALUES (20, now(), 9, 5, 16);
INSERT INTO public.grade(id, date_time, value, student_id, subject_id) VALUES (21, now(), 12, 6, 13);
INSERT INTO public.grade(id, date_time, value, student_id, subject_id) VALUES (22, now(), 11, 6, 14);
INSERT INTO public.grade(id, date_time, value, student_id, subject_id) VALUES (23, now(), 10, 6, 15);
INSERT INTO public.grade(id, date_time, value, student_id, subject_id) VALUES (24, now(), 9, 6, 16);
INSERT INTO public.grade(id, date_time, value, student_id, subject_id) VALUES (25, now(), 12, 7, 13);
INSERT INTO public.grade(id, date_time, value, student_id, subject_id) VALUES (26, now(), 11, 7, 14);
INSERT INTO public.grade(id, date_time, value, student_id, subject_id) VALUES (27, now(), 10, 7, 15);
INSERT INTO public.grade(id, date_time, value, student_id, subject_id) VALUES (28, now(), 9, 7, 16);
INSERT INTO public.grade(id, date_time, value, student_id, subject_id) VALUES (29, now(), 12, 8, 13);
INSERT INTO public.grade(id, date_time, value, student_id, subject_id) VALUES (30, now(), 11, 8, 14);
INSERT INTO public.grade(id, date_time, value, student_id, subject_id) VALUES (31, now(), 10, 8, 15);
INSERT INTO public.grade(id, date_time, value, student_id, subject_id) VALUES (32, now(), 9, 8, 16);
INSERT INTO public.grade(id, date_time, value, student_id, subject_id) VALUES (33, now(), 12, 9, 13);
INSERT INTO public.grade(id, date_time, value, student_id, subject_id) VALUES (34, now(), 11, 9, 14);
INSERT INTO public.grade(id, date_time, value, student_id, subject_id) VALUES (35, now(), 10, 9, 15);
INSERT INTO public.grade(id, date_time, value, student_id, subject_id) VALUES (36, now(), 9, 9, 16);
INSERT INTO public.grade(id, date_time, value, student_id, subject_id) VALUES (37, now(), 12, 10, 13);
INSERT INTO public.grade(id, date_time, value, student_id, subject_id) VALUES (38, now(), 11, 10, 14);
INSERT INTO public.grade(id, date_time, value, student_id, subject_id) VALUES (39, now(), 10, 10, 15);
INSERT INTO public.grade(id, date_time, value, student_id, subject_id) VALUES (40, now(), 9, 10, 16);
INSERT INTO public.grade(id, date_time, value, student_id, subject_id) VALUES (41, now(), 12, 11, 13);
INSERT INTO public.grade(id, date_time, value, student_id, subject_id) VALUES (42, now(), 11, 11, 14);
INSERT INTO public.grade(id, date_time, value, student_id, subject_id) VALUES (43, now(), 10, 11, 15);
INSERT INTO public.grade(id, date_time, value, student_id, subject_id) VALUES (44, now(), 9, 11, 16);
INSERT INTO public.grade(id, date_time, value, student_id, subject_id) VALUES (45, now(), 12, 12, 13);
INSERT INTO public.grade(id, date_time, value, student_id, subject_id) VALUES (46, now(), 11, 12, 14);
INSERT INTO public.grade(id, date_time, value, student_id, subject_id) VALUES (47, now(), 10, 12, 15);
INSERT INTO public.grade(id, date_time, value, student_id, subject_id) VALUES (48, now(), 9, 12, 16);
SELECT setval('hibernate_sequence', 1000);
